title,company,location,job_type,description,url
CTO & Co-Founder,Emploai.io,Aarhus,Cofounder,"Ready for a pivotal role in a tech startup with high ambitions to make a significant difference - internationally?
At Emploai, we aim to create the future workforce for B2B companies, both nationally and internationally. Currently, we're looking for a dedicated and experienced Tech Lead/CTO who will be a central driving force in building and scaling Emploai and our first AI-powered digital worker (Alex, the SDR)

About Emploai:
Scaling a business is hard. Most people would agree to this, and the ""old ways"" of doing things are both expensive, non-reliable and not very scalable. According to Hubspot, 61% of B2B marketers cite generating high-quality leads as their biggest challenge, and the option for solving this problem is usually hiring more SDRs (Sales development representatives). However, this comes with a range of issues:
They are very expensive...
The good ones are hard to come by...
They take a while to hire...
Furthermore, the average human-SDR only spends 28% of their week actually selling. At Emploai, we believe this number should be a lot closer to 100%.

Now imagine Employees (Emploai¬¥s), that work for you 27/7/365, never miss a beat, get smarter over time and are cheaper and faster to hire. The first of these AI-powered digital workers is""Alex"", who is...:
Trained in every step of the top-of-funnel strategy for a B2B company
Fully automized (So little to no work needed for the customer)
Multilingual, and will expand to every market with you!

And he has already:
Booked +2000 sales calls for our partners
Generated over 10.000.000‚Ç¨ in extra pipeline value for our partners
Increased yearly revenue by 1.600.000‚Ç¨ for our partners

About the Role:
This essential role emerges at a critical juncture, aligning perfectly with Emploai¬¥s preparations for a substantial growth phase. You will actively contribute to shaping the core elements of both the product and the company during this defining stage.
Own and communicate product strategy, data strategy, architecture, and tech stack
Build and maintain a robust and scalable platform
Translate customer needs into roadmaps for internal and external developers, designers, and data specialists
Prioritize, plan, and be responsible for delivery - but also be hands-on and code the platform itself
Own and continuously improve data flow, database, and performance
Utilize data and predictive models to enhance products and services
Participate in company strategy, go-to-market, fundraising, organizational development, etc.

About You:
You not only have significant technical expertise across software development, data, and ideally AI, but are also passionate about making a difference. You have a problem-solving mindset, and a drive to figure out things you don‚Äôt yet know.
Solid experience leading technical resources and projects
Experience from startups/scale-ups, and thrive in a hectic environment
Deeply engaged in user experience and curious about new technologies
Strong collaboration skills, great at building trust with internal and external stakeholders
Handle complexity, uncertainty, and time pressure well, comfortable making difficult decisions and prioritizing to achieve the best result

Why Emploai?:
Key role in building and scaling a product of societal value
Opportunity to join an ambitious team at an early stage
Ownership in the company
Flexibility - yes, you often have to roll up your sleeves, but you also get flexibility in return

Ready to dive in and join us on this exciting journey? Then we want to hear from you.

We're processing applications continuously, so don't wait until tomorrow!

For more information or questions please contact us at nicola@thehub.io",https://thehub.io/jobs/66cf39d92d7c72b5b3cc8065
PHP and Laravel Developer,ConsortiaManager,Copenhagen,Full-time,"PHP & Laravel Developer (Remote or Copenhagen)
About ConsortiaManager
ConsortiaManager is more than just a software company; it's a place where innovative minds come together to shape the future of academic libraries and research. Established in 2014 in Copenhagen, Denmark, we have quickly become a leader in our field, serving over 12,000 libraries worldwide. Our flagship product, ConsortiaManager, and our latest tool, ROAM.plus, are improving library acquisitions and workflow efficiencies, managing over ‚Ç¨1 billion in purchases annually.
As the academic world embraces more open access content, ConsortiaManager is at the forefront, offering innovative solutions to support this transformation. Join us, and be part of a team that's making a real difference in democratizing access to information and knowledge.
The Opportunity
We are seeking an experienced PHP & Laravel Developer to join our dedicated team, where you will have the chance to work on projects that have a global impact, including for prestigious institutions like Stanford, Yale, and the United Nations. This role is not just about coding; it's about building solutions that matter, with a team that believes in the power of creativity and innovation.
Why Join Us?
Purpose-Driven Work: Your efforts will directly support thousands of libraries and universities worldwide, making scientific and academic research more accessible and equitable.
Autonomy in Your Role: Enjoy the freedom to shape your workflow and projects in a way that aligns with your personal strengths and interests. We trust you to take initiative and give you the space to innovate.
Mastery and Growth: Be part of a collaborative environment that challenges you to grow and supports your journey towards mastering your craft. Continuous learning is part of our DNA, whether through peer collaboration, professional development opportunities, or hands-on experience.
Stability with Flexibility: As a profitable, bootstrapped company, we provide the security you need to do your best work, paired with the flexibility to balance your professional and personal life. Whether you choose to work remotely or from our Copenhagen office, we support your choice.
Role & Responsibilities
Innovative Development: Take the lead in enhancing our main product, ConsortiaManager, within a collaborative team that values creative solutions and sustainable development.
End-to-End Engagement: From ideation and design to coding and implementation, you will influence every stage of the development process, ensuring a product that resonates with our users.
Strategic Integration: Your role is crucial in evolving our codebase and integrating it with other data sources and products. Your work will involve not just technical prowess but a strategic vision that ties different systems together seamlessly.
Technical Skills Required
Proven PHP Expertise: Minimum 6 years of experience with PHP and MySQL.
Laravel Proficiency: At least 4 years of experience with the Laravel framework.
Front-End Skills: Solid understanding of JavaScript and modern front-end build pipelines. Professional experience and proficiency in Vue.js would be highly regarded.
Collaborative Tools: Proficiency in Git and tools like GitHub; good knowledge of testing methodologies, preferably TDD.
Infrastructure Savvy: Some experience with AWS and Laravel Forge, enabling robust and scalable solutions.
Preferred Skills
Experience with GitHub Actions or modern CI/CD pipelines.
Knowledge of Docker and containerization.
Soft Skills
Effective Communication: Fluent in English, both spoken and written, with the ability to share ideas and collaborate effectively.
Self-Driven Team Player: Able to work effectively in a team and independently, with a strong sense of initiative and responsibility.
Adaptive Learner: Eager to learn and adjust as the landscape evolves, embracing challenges and new opportunities.
Perks & Benefits
Competitive Compensation: Attractive salary and comprehensive benefits.
Wellness and Balance: 25 days of annual paid vacation, plus flexible working arrangements.
Inspiring Work Environment: Choose to work remotely or from our well-appointed Copenhagen office, complete with company-paid lunches and other perks.
Development Opportunities: Continued education, conferences, and professional growth opportunities.
Social and Team Building: Regular team activities and social events to foster a sense of community and fun.
Additional Information
Please note, we are not looking for candidates from recruiting or outsourcing firms. Preference will be given to applicants in or close to European time zones for remote positions.
For more information or questions please contact us at nicola@thehub.io",https://thehub.io/jobs/66e82b029a7ef6c6c87fe903
Frontend Developer Intern,Gathergram,Remote,Internship,"About GatherGram: GatherGram is redefining how social events, especially weddings, are experienced by offering interactive and memory-preserving tools for guests and hosts alike. As we expand, we are looking for a Frontend Developer Intern to help us build a sleek, user-friendly interface for our mobile and web applications.
Job Description: We‚Äôre looking for a talented Frontend Developer Intern to join our team. You will work closely with our design and backend development teams to create responsive, interactive, and visually appealing web and mobile applications. This role is ideal for someone with a passion for creating excellent user experiences and a desire to learn and grow in a collaborative environment.
Responsibilities:
Develop and maintain the front end of our web and mobile applications using React and other relevant technologies.
Collaborate with the UI/UX team to implement designs into functional code.
Optimize application for maximum speed and scalability.
Ensure the technical feasibility of UI/UX designs.
Troubleshoot and debug web applications as needed.
Qualifications:
Familiarity with HTML, CSS, JavaScript, Typescript, and React.
Experience or coursework in frontend development.
Understanding of responsive design principles.
Ability to work independently and in a team environment.
Eagerness to learn new technologies and improve coding skills.
Bonus Points:
Exposure to mobile development frameworks like React Native.
Familiarity with version control systems like Git.
Why GatherGram?GatherGram is a platform that is revolutionizing how social events, particularly weddings, are experienced. As a frontend developer intern, you‚Äôll have the opportunity to develop and optimize a sleek, user-friendly interface that will be used by thousands of people to celebrate life‚Äôs most cherished moments. You‚Äôll work alongside experienced developers in a collaborative environment where your contributions will have a tangible impact on the user experience and the success of the platform.
For more information or questions please contact us at Info@gathergram.app",https://thehub.io/jobs/66e33a049a7ef6c6c87ef363
Marketing Manager,√òNSK,Copenhagen,Full-time,"Marketing Manager
Vil du v√¶re med til at revolutionere kaffeindustrien og skabe en gr√∏nnere fremtid for b√•de forbrugere og producenter? √òNSK s√∏ger en passioneret Marketing Manager, der vil st√• i spidsen for vores vision om at kombinere velsmagende kaffe med en positiv indvirkning p√• verden. I 2023 omsatte vi for 20 mio - og i 2026 oms√¶tter vi for 100 mio, og det er den rejse, vi har brug for dig til.
Hos √òNSK er vi i gang med at √¶ndre kaffeindustrien. Siden 2017 har vi arbejdet direkte og uden mellemled med kaffeb√∏nder i Nicaragua og Peru for at fremme et regenerativt og √∏kologisk skovkaffesystem. Vores indsats har allerede resulteret i 70% CO2-besparelser og √∏get b√∏ndernes betaling med 45%. √òNSK leverer i dag kaffe til over 800 virksomheder, og vi er p√• en mission om at inspirere b√•de forbrugere og virksomheder til at v√¶lge en gr√∏nnere og mere b√¶redygtig kaffe.

Om rollen:
Som Marketing Manager f√•r du ansvaret for vores marketingafdeling, som best√•r af to dygtige kollegaer. Du vil b√•de udvikle, og i h√∏j grad v√¶re ansvarlig for at eksekvere p√• vores marketingstrategier. Du har alts√• b√•de den strategiske hat p√•, men i h√∏j grad ogs√• fingrene i bolledejen. Som strategisk sparring kommer du til at arbejde t√¶t sammen med ledelsesteamet og vores advisory board for Brand & Marketing.
√òNSK er i scaleup fasen, liges√• er vores marketing. Det betyder ogs√• at du har meget frie rammer, og vi omvendt ogs√• forventer du kan v√¶re i dette. Nedenfor er en √∏nskeliste - som jobopslag nu er - for os er det personligheden der er vigtigst, selvf√∏lgelig med en faglig ballast.

Dine opgaver og ansvarsomr√•der:
Lede og udvikle marketingafdelingen, herunder ansvaret for to medarbejdere - som vi p√• sigt h√•ber kan blive endnu st√∏rre.
Skabe og eksekvere marketingstrategier med fokus p√• lead-generering, paid social, e-mail marketing (gerne i Klaviyo) og organisk SOME
Samarbejde med eksterne leverand√∏rer om deres ydelser til os
Optimere UX og konvertering p√• vores hjemmeside www.onsk.dk
Supervisere content creation-opgaver, inklusiv foto- og videoredigering
Sparre med ledelsen og advisory board om brandudvikling og markedsf√∏ringsinitiativer

Vi s√∏ger en Marketing Manager, der (igen, husk det er en √∏nskeliste):
Er struktureret, l√∏sningsorienteret og kreativ - ja, vi dr√∏mmer om en der kan alt
Har arbejdet med lead-generering til B2B
Har flair for at arbejde med content p√• sociale medier og elsker at eksekvere p√• id√©er
Trives med ansvar og evner at tage ejerskab over opgaver - selvledelse er et must
Har erfaring fra en lignende stilling med paid social, PPC, SEO og e-mail marketing
Har lidt erfaring med ledelse og √∏nsker at udvikle sine evner her indenfor
Har arbejdet med FMCG eller brands

Vi tilbyder:
En alsidig hverdag i et ungt og uformelt, men ambiti√∏st arbejdsmilj√∏
Mulighed for personlig og faglig udvikling i samarbejde med vores ledelsesteam, bestyrelse og advisory board
Muligheden for at lede og udvide marketingteamet i takt med vores v√¶kst
L√∏n fasts√¶ttes efter kvalifikationer. Vi har overenskomst. Oplys gerne forventet l√∏nniveau i ans√∏gningen. Vi er stadigv√¶k en omkostningsbevidst virksomhed s√• forvent ikke vi spr√¶nger l√∏nrammerne.
P√• l√¶ngere sigt, mulighed for at vokse ind i en rolle med endnu mere ansvar og evt. mulighed for investering i virksomheden.
Muligheden for at komme med til Nicaragua og/eller Peru for at bes√∏ge b√∏nder og dokumentere vores impact-arbejde.

Ans√∏gning: Vi modtager mange ans√∏gninger, og hvis du vil skille dig ud, s√• vedh√¶ft en kort video p√• maksimalt 2 minutter, hvor du kort fort√¶ller om dig selv. Ans√∏gning sendes via the hub. Ans√¶ttelsesstart er fra november-december, og vi besvarer ans√∏gningerne i slutningen af september og vil derefter l√∏bende holde samtaler.


//
5 gode grunde til at s√∏ge job ved √òNSK

Du bliver en del af et ungt og ambiti√∏st team, hvor der er en ligefrem og uformel tone. Vi har en ung gennemsnitsalder og v√¶gter sociale arrangementer h√∏jt. Hver anden m√•ned har vi et socialt arrangement, og hver fredag er fyraftensdrikken s√• sikkert som amen i kirken. Og +point hvis du kan serve som Michael Maze.
Vi elsker b√¶redygtighed.. og bruger faktisk rigtig meget tid p√• det i virksomheden. S√• hvis du √∏nsker at l√¶re mere om b√¶redygtighed, eller selv er passioneret indenfor for feltet, s√• kan du bruge dit arbejde til faktisk at g√∏re en b√¶redygtig forskel.
Du f√•r mulighed for at udvikle dig fagligt. Med mangeartede opgaver vil du l√¶re en masse indenfor de forskellige discipliner af marketing. Bag os har vi en gruppe investorer, som har taget taget virksomheder fra 0-100. Vi bruger j√¶vnligt investorerne som mentorer og indenfor marketing og e-handel, er der helt sikkert nogle stykker, du kan l√¶re en masse af.
En masse frihed. Vi arbejder med stor frihed i √òNSK og t√∏r du tage ansvaret, s√• vil der v√¶re fantastiske muligheder for selv at styre, hvordan arbejdet tilrettel√¶gges.
Du kommer ind i en virksomhed i en rivende udvikling og med store v√¶kstrater. Vi har et skarpt koncept og markedet er veloplagt.

For more information or questions please contact us at andreas@onsk.dk",https://thehub.io/jobs/66e14c2b9a7ef6c6c819626d
Marketing Manager,Fullview,Remote,Full-time,"This role can either be fully remote or on-site in Copenhagen, Denmark.

About Us:
Fullview is a fast-growing startup backed by tier one investors that is helping companies deliver exceptional customer experiences at scale. We are currently seeking an entrepreneurial Marketing Manager to join our growing team. If you are passionate about digital marketing and eager to take Fullview‚Äôs marketing to the next level, we want to hear from you!
We're backed by the investors behind Pleo, Revolut, Snapchat, and more.

About the role:
We are looking for a mid to senior level Marketing Manager to take the lead on marketing to generate inbound leads and help sales with Account Based Marketing.
Must be a generalist (""T-Shaped marketer"") but needs to have experience especially with paid search, Linkedin ads and ABM.
Must have a sharp eye for design and product marketing to present and position the Fullview product in the best light.
Produce sales material content (e.g decks or landing pages) to help outbound.
Maintain and grow SEO rankings.

Qualifications:
Minimum 4-5 years full time experience.
Must have worked in early stage startups that went from seed stage to Series A+.
Must have a ""founder's spirit"" and show entrepreneurial mindset. Ideally you have built your own side projects, or even had your own startup.
Able to be cross-functional in different domains of marketing, but needs to have experience with Account Based Marketing and enterprise marketing in sales driven companies.
Big plus if you have worked in a startup also selling to customer support teams.

To save yourself and us time, please do NOT apply if:
You have less than 4 years full time experience in marketing.
Have never worked in an early stage startup (early stage = sub 30 employees).
Have not worked in a sales led company (e.g if you only worked with product-led or B2C).
Expect to manage people and delegate work to others.

What We Offer:
Competitive salary and equity.
A collaborative and supportive work environment that is remote-friendly.
Frequent travels for team building events.
Work directly with ambitious founders and become part of building something great from an early stage.",https://thehub.io/jobs/66e411c19a7ef6c6c8a19af2
Fashion Content Creator,AUNORA,Copenhagen,Part-time,"Fashion Content Creator
Vil du v√¶re med fra starten p√• rejsen mod at skabe Danmarks n√¶ste store fashion webshop? Vi s√∏ger en person, der br√¶nder for at udvikle engagerende content til vores brugere. Opgaverne vil sp√¶nde fra produktbilleder til hjemmesiden til at producere Instagram reels. Du skal v√¶re klar p√• selv at v√¶re med p√• billederne og videoerne og skabe personligt indhold med os.
Om os:
Vi er AUNORA, der sigter mod at blive Danmarks nye fashion webshop med fokus p√• personlighed. Vores mission er at skabe engagerende socialt medieindhold, der inkluderer daglige vlogs, stylingtips, billeder osv, for at skabe en t√¶ttere forbindelse med vores kunder. Vi prioriterer ogs√• ugentlige Facebook live shopping events, hvor vi fremviser t√∏j, tilbyder rabatter og underholder vores kunder. Du kan se mere p√• Instagram og Tikt-tok p√• @aunoracom 
Jobbeskrivelse:
I denne rolle vil du hj√¶lpe med at identificere og udnytte nye trends p√• Instagram og andre social media platforme. Du vil assistere Anne Sofie med at optage og redigere indhold og sikre, at det stemmer overens med vores kreative vision for forskellige typer social videoindhold, herunder produkt- og trendbaserede videoer. Derudover vil du v√¶re en stor st√∏tte i vores Facebook live shopping events, ved at v√¶re med til at planl√¶gge og producere indhold til vores events.
Du vil spille en afg√∏rende rolle i at sikre, at vores indhold er dynamisk, engagerende og bygger p√• bevidsthed og loyalitet hos vores kunder.
Hvis du er passioneret omkring modebranchen og indhold skabelse, er dette din mulighed for at hj√¶lpe med at opbygge en ny stor fashion webshop. Vi s√∏ger en engageret person, der er ivrig efter at blive en integreret del af vores rejse.
Ansvarsomr√•der:
Skyde content der fungerer godt p√• s√¶rligt Instagram og TikTok.
Assistere Anne Sofie med at optage og redigere indhold, s√• det stemmer overens med vores kreative vision for forskellige typer video og billede indhold.
St√∏tte vores Facebook live shopping events ved at planl√¶gge og producere indhold.
Sikre, at vores indhold er dynamisk, engagerende og bygger bevidsthed og loyalitet hos vores kunder.
Vi forventer af dig:
At du har en st√¶rk forst√•else for sociale medier, s√¶rligt Instagram, Tik Tok og Facebook
Er ok med at v√¶re med p√• billeder og videoer p√• hjemmeside og sociale medier
Erfaring med at tage billeder og video samt redigering heraf
Du er flydende i dansk og engelsk, b√•de i tale og p√• skrift
Du har g√• p√• mod og elsker at teste nye ting af 
Er udadvendt og ekstrovert
Yderligere Information:
Lokation: √òster Farimagsgade 20, 2100 K√∏benhavn √ò
Startdato: Hurtigst muligt
Ans√¶ttelsestype: Studerende / Deltid - 10-15 timer ugentlig 
Kontaktperson: Anne Sofie, mobil 24 60 33 87
S√•dan ans√∏ger du:
Send gerne en ans√∏gning senest den 10. Oktober 2024. Vedl√¶g gerne link til dine sociale medier eller en eventuel portef√∏lje med kreative projekter som video og billedmateriale. Vi afholder l√∏bende samtaler. 
For more information or questions please contact us at anne@aunora.com or phone number 24603387",https://thehub.io/jobs/66e2a6619a7ef6c6c85d2452
Student/Junior Frontend Developer,Kilisi,Venture,Capital Copenhagen InternshipStudent,"Job Title: Student/Junior Frontend Developer
Company: Kilisi Venture Capital
Location: Denmark (Remote)

About Us:
Kilisi Venture Capital is a Denmark-based firm that specializes in providing legal and financial services to clients worldwide. We are committed to fostering innovation, supporting entrepreneurs, and facilitating global business growth. Our team combines legal and financial expertise to provide tailored solutions that empower businesses to thrive in today's dynamic environment.

Position Overview:
We are looking for a Student/Junior Frontend Developer to join our team. The ideal candidate will help create a dynamic, user-friendly website by utilizing existing templates. This platform will serve as a hub for exchanging experiences, knowledge, and ideas within the legal and financial services sectors.
This is an excellent opportunity for individuals looking to enhance their portfolio, gain hands-on experience, and work on a meaningful project in an international business environment.

Responsibilities:
Collaborate with the Kilisi team to understand the project vision and goals.
Build and design a responsive website using pre-existing templates.
Customize and implement website features that facilitate the exchange of experiences within the legal and financial communities.
Ensure the website is visually appealing, easy to navigate, and provides a seamless user experience.
Optimize the website for speed, performance, and SEO.
Regularly update the team on progress and incorporate feedback to improve the design and functionality.
Troubleshoot and resolve issues that arise during development.

Requirements:
Proficiency in HTML, CSS, and JavaScript.
Experience with frontend frameworks (e.g., React, Angular, or Vue.js) is a plus.
Familiarity with website builders and templates.
Basic understanding of responsive design and user experience principles.
Strong problem-solving skills and attention to detail.
Ability to work independently and manage time effectively.
Good communication skills and a collaborative mindset.
A passion for learning and contributing to meaningful projects.

What We Offer:
An opportunity to contribute to a growing venture capital firm with a global reach.
Hands-on experience in web development within the legal and financial sectors.
A chance to collaborate with experienced professionals and expand your network.
Flexibility to work remotely and manage your schedule.
The chance to add valuable project experience to your portfolio.

How to Apply:
If you‚Äôre passionate about web development and eager to gain experience while contributing to a global platform, we would love to hear from you! Please apply with your CV and a brief cover letter outlining your experience and why you‚Äôre interested in this voluntary position.

This role is ideal for developers looking to gain real-world experience while working on a project with global significance. Join us at Kilisi Venture Capital to make an impact!
For more information or questions please contact us at tomasz@kilisi.vc",https://thehub.io/jobs/66e4256b9a7ef6c6c8a6bb62
UI/UX Designer Intern,Gathergram,Remote,Internship,"Job Description:
We are looking for a creative and passionate UI/UX Designer Intern to join our team. The ideal candidate will work closely with our product and development teams to design intuitive and user-friendly interfaces for our mobile and web applications. You will play a key role in enhancing user experience and helping create a visually engaging app that makes every celebration unforgettable.
Responsibilities:
Collaborate with cross-functional teams to create wireframes, prototypes, and visual designs for mobile and web platforms.
Conduct user research and gather feedback to improve the user experience.
Design intuitive and user-centered UI/UX solutions that align with GatherGram‚Äôs vision.
Ensure consistent design language and aesthetics across all platforms.
Stay up to date with design trends and ensure our product is modern and visually appealing.
Qualifications:
Experience with design tools such as Adobe XD, Figma, Sketch, or similar.
A strong portfolio showcasing UI/UX design work.
Understanding of user-centered design principles and usability testing.
Ability to think creatively and critically about product design.
Excellent communication and collaboration skills.
Bonus Points:
Experience in mobile app design.
Knowledge of event-based apps or social media platforms.
Why GatherGram? At GatherGram, you‚Äôll have the unique opportunity to shape the user experience of an app that is transforming the way people celebrate and connect at important social events. You‚Äôll be working on a product that fosters creativity, collaboration, and emotional connections, making every design decision impactful. As part of a fast-growing startup, your contributions will directly influence the final product, allowing you to gain hands-on experience while building something truly revolutionary in the event space.
For more information or questions please contact us at Info@gathergram.app",https://thehub.io/jobs/66de09c69a7ef6c6c8801ab8
Creative marketing assistant,Copenhagen,sofa,lab Copenhagen Internship,"Are You Our Next Colleague?
We‚Äôre looking for a creative Marketing Assistant to join our dynamic team!
About the Role:
As a Digital Marketing and Content Creation Intern, you‚Äôll play a crucial role in crafting engaging digital content and executing effective online marketing strategies. You‚Äôll collaborate closely with our design team, which means you‚Äôll have support for all your innovative ideas.
What We‚Äôre Looking For:
Content Creation: Produce fresh and innovative content. We‚Äôre open to new ideas and encourage you to think outside the box. This is your opportunity to learn and experiment with different approaches.
Key Qualities:
Eager to learn and grow in digital marketing and content creation.
Experience with Instagram.
Fluent in English; Danish is a plus.
Creative, communicative, and able to think outside the box.
Flexible, positive, and energetic approach to work.
What You Can Expect:
A unique chance to grow with our project.
Guidance from experienced professionals.
A fun, creative, and collaborative work environment with flexible scheduling.
The possibility of a permanent position as we expand; we‚Äôre a new company with a bright future and we‚Äôll need talented individuals like you.
Need More Information?
Feel free to reach out to us via email if you have any questions.
Ready to Apply?
Send us your CV, tell us your availability, and let us know how long you‚Äôre able to be part of our team. We‚Äôre excited to hear from you!
For more information or questions please contact us at karina@copenhagensofalab.dk or phone number 27130906",https://thehub.io/jobs/66e17e0d9a7ef6c6c8287a10
Marketing Manager,Levitate,Copenhagen,Full-time,"Location: Copenhagen
Type: Full-Time
Experience Required: 5+ years in marketing and/or brand management

About Levitate:
At Levitate, we‚Äôre pioneering the future of prosthetic technology, combining cutting-edge design with functionality to empower lower-limb amputees. Known as the sports brand of the prosthetics industry, we're committed to enhancing mobility for everyone from elite athletes to daily active individuals. Founded in Copenhagen in 2020, we're expanding our reach, from direct consumer relations to strategic B2B partnerships, to make our groundbreaking prosthetics widely accessible.

Who We Are Looking For:
We are seeking a Marketing Manager to lead our strategic vision, focusing on our new B2B expansion and strengthening our market presence. The ideal candidate will be experienced in driving brand growth through innovative marketing strategies and will be instrumental in steering Levitate‚Äôs brand through its next phase of growth.

What You‚Äôll Do:
Lead Brand Strategy: Craft and maintain Levitate‚Äôs brand identity across all platforms, ensuring our message resonates clearly and consistently.
Campaign Management: Design and implement comprehensive marketing campaigns to enhance engagement from both B2B and B2C perspectives.
Market Research: Stay ahead with proactive market research and competitor analysis, adapting strategies to maximize impact.
Performance Monitoring: Establish key performance indicators for marketing activities, using data to drive decision-making and strategy refinement.
Collaboration & Partnerships: Forge and nurture strategic partnerships and collaborations that boost our brand‚Äôs presence and reach.
Event Planning: Spearhead the planning and execution of promotional events and product demonstrations to engage our community and stakeholders.
Creative Oversight: Guide the creative process, ensuring all content aligns with Levitate‚Äôs mission and voice.

What You Bring:
A robust background in strategic marketing roles, with a track record of successful brand management.
Comprehensive knowledge of B2B and/or B2C marketing dynamics.
Adept at campaign management, market research, and analytics.
Leadership skills to inspire and manage a team, working effectively with both internal departments and external partners.
Exceptional communication and project management skills, able to convey complex ideas effectively.

Why Levitate? Joining Levitate means being at the forefront of a transformative industry. Here, your work directly contributes to changing lives through innovative mobility solutions. Be part of a passionate team dedicated to breaking barriers and creating significant, lasting impacts in the lives of individuals around the globe.

Application Process: Interested candidates should submit a resume and a cover letter that outlines how their experience aligns with the key responsibilities and qualifications of this role. Please include any relevant portfolio pieces or case studies that demonstrate your expertise in marketing and brand management.
For more information or questions please contact us at smc@letslevitate.com",https://thehub.io/jobs/66e6a00c9a7ef6c6c82e94e3
Data Scientist,Crediwire,Copenhagen,Full-time,"Data Analyst @Crediwire
Crediwire is a FinTech company building and delivering data-driven and digital insights to Small and Medium sized Enterprises (SMEs), banks and auditors based on live bookkeeping data. Our vision is to deliver the best solutions for our customers for them to deliver higher operational efficiency and make better and more precise business decisions. We are data-driven and design our digital financial solutions together with our customers. We are growing our business internationally and hope you will join us on this journey.
 Key Responsibilities
As a Data Analyst at Crediwire, you will play a pivotal role in our Product & Analytics department, taking on a diverse set of responsibilities that will challenge and engage you daily. Your primary duties will include continuously validating our data to ensure its accuracy and quality, which is crucial to the integrity of our analyses and products. You will conduct various data analyses, extracting meaningful insights that drive business decisions and inform product development.
 You will also be instrumental in the creation of data-driven products, guiding the entire process from the initial idea through detailed analysis and specification, all the way to the final product delivery. You will participate in design-thinking sessions together with our customers. Additionally, you will analyze user data and generate reports that provide valuable feedback to our teams, helping to enhance the user experience and optimize our offerings. Maintaining and developing our analytical data infrastructure will be another key aspect of your role, ensuring that our systems are robust and scalable to meet the growing needs of the business.
 Qualifications and Experience
Ideally we are looking for a candidate with the following qualifications and experience. However, you might not tick all boxes, but don‚Äôt hesitate to apply if you have the mindset and a willingess to learn.
 Educational Background:
¬∑       A Bachelor‚Äôs or Master‚Äôs degree in Data Science, Statistics, Economics or a related field (e.g. Cand.Merc.IT, Cand.Merc.Mat).
 Programming Skills:
¬∑       Experience with Python, SQL & Linux scripting.
¬∑       Experience with ETL (Extract, Transform, Load).
¬∑       Experience with Git for version control and collaboration.
¬∑       Familiarity with AWS Lambda and serverless architecture is a plus.
 Analytical Skills:
¬∑       Strong analytical mindset with the ability to solve complex problems and work with large datasets.
 Interested
 Don‚Äôt hesitate to send us your application and CV.
For more information or questions please contact us at nicola@thehub.io",https://thehub.io/jobs/66dab4c59a7ef6c6c8d7fd63
Production worker,Grad,ApS,Copenhagen Full-time,"Company:  GRAD ApS 
Location: B!NGS, Vesterbrogade 149, Copenhagen 
Role: Production worker
Employment Type: Full time
Start Date: As soon as possible (flexible)
Salary: Competitive 

Job Overview:
We are seeking enthusiastic and hardworking individuals to join our team as Production Workers for the assembly and testing of our products. This is a full time position that requires at least 30+ hours of commitment per week.

Key Responsibilities:
Assemble products according to provided guidelines.
Test products to ensure they meet our quality standards.
Maintain a clean and organized workspace.
Follow all safety protocols and procedures.

Requirements:
Must have valid work permits to work in Denmark.
No prior experience necessary.
Positive attitude and willingness to learn.
Ability to work in our Copenhagen office

What We Offer:
Flexible working hours.
Competitive hourly wage.
Lunch provided daily.
Supportive and friendly work environment.

Join us and be a part of a team that values dedication and a positive work ethic. If you are ready to contribute to a growing company and work in a flexible and supportive environment, we would love to hear from you!

How to Apply:
Please upload your resume and a brief cover letter in a combined document explaining why you would be a great fit for this position.
We look forward to welcoming you to our team!
For more information or questions please contact us at esben.johansen@grad.dk",https://thehub.io/jobs/66e170339a7ef6c6c823fbd1
Full Stack Developer ( Python/Flask),Spotipo,ApS,Remote Full-time,"üöÄ Join Our Dynamic Team at Spotipo! üöÄ
Position: Python/Flask Full Stack Developer
Salary: Up to $50,000/year
Experience: Minimum 5 years
Are You a Coding Maestro with a Love for Python?
At Spotipo, we're a small, tightly-knit team of tech enthusiasts passionate about delivering top-notch code at lightning speed to a diverse global clientele. From local mom-and-pop shops to massive corporations, we help improve the WiFi experience for thousands of guests worldwide. And we're looking for YOU to join our journey!
What You‚Äôll Be Doing (what's a must-have):
Crafting high-quality applications using Flask and solid Python expertise
Playing with Docker, MySQL/Redis, Linux, and Git (Github/Gitlab)
Enhancing our codebase with HTML/JavaScript and exploring new technologies like HTMX/Tailwind
Bonus Points If You Know:
Celery, Faust-streaming, Clickhouse
Google Cloud Platform (GCP)
Tailwind, Alpine.js
Networking/WiFi knowledge
Tools We Love & Use:
GitHub
PyCharm
Buddy (CI)
Selenium (Testing)
Linear
Why You‚Äôll Love Working with Us:
Fully Remote: Work from anywhere you feel most productive
Flexible Timing: We believe in results, not clock-watching
Awesome Gear: Choose a MacBook or laptop that suits you
Endless Learning: From processing millions of events with Celery to optimizing Clickhouse queries, there's always something new to tackle
Exciting Times Ahead!
We're moving from React to HTMX/Tailwind, so if you're eager to experiment and innovate, now‚Äôs your chance!
Ready to Make an Impact?
Apply now, and let‚Äôs create something unique together!",https://thehub.io/jobs/66e346b99a7ef6c6c88098d4
Frontend Developer,Tiimo,Frederiksberg,Full-time,"Do you want to join us on an exceptional growth journey with massive social impact? Are you a skilled and curious frontend developer who cares about your craft and user impact? And does working with passionate tech colleagues on one of the Nordic's most purpose-strong consumer apps excite you? Then we have just the job for you!
Tiimo is a daily planner and learning platform designed by and for neurodivergent individuals (people with ADHD, Autism, dyslexia, OCD). 20% of the global population (1.6 billion people) is estimated to be neurodivergent and often struggle living meaningful lives. 30-40% of neurodivergent individuals are unemployed, 80% of adults with ADHD will suffer from depression or anxiety and two out of three autistic adults will have considered suicide. Tiimo is changing that!
We are based in Copenhagen, Denmark. Our culture thrives on empathy, ambition and making a real difference. Tiimo has more than 500,000 users worldwide and +50K app downloads per month. Tiimo was recently nominated as a finalist for an Apple Design Award in the Inclusion category, which recognizes apps that use technology to promote inclusion across races, genders, disabilities, and more.
As our frontend developer, you need to be an excellent and hands-on developer and a team player. You will be developing for cross-platform, in particular our web app and Android app, using Next.js and React Native. Together the rest of our developers and designer, you will be building new fantastic product features. We are building everything in-house, and you will be a part of a great, friendly and ambitious 10-person strong and CPH-based Tech and Product team.

In this role, you will‚Ä¶
Develop and maintain our new PWA that is built upon Next.js
Develop and maintain our new Android app that will be built using React Native
Collaborate with design and the product team to create user-friendly interfaces
Optimize application performance for both mobile and web platforms
Stay up-to-date with the latest trends and best practices in Next.js and React Native development.

You will be a great fit if...
You are an experienced frontend developer who knows the craft of building beautiful and user-friendly interfaces for cross-platforms using Next.js and React Native.
You‚Äôre committed to write clean, scalable and maintainable code.
You‚Äôre good at breaking down designs into clear development tasks.
You are purpose passionate. At Tiimo we are passionate about making a difference for an underserved neurodiverse community and hope that you share this passion with us.
You are a detail-oriented problem-solver with good communication skills. We need you to own your own domain and assist in refining new features for our products and we believe that building great software requires great communication and compassion.
You thrive in an international and inclusive environment. We are a team from many different nationalities. English is our working language.
You have security and stability at the front of your mind.
Additional ‚Äúnice to have‚Äù experience includes:
Experience with CI/CD Pipelines
Experience with unit/integration tests
Experience from similar sized startup/scaleup.

The key components of our stack includes‚Ä¶
Tamagui
Solito for cross-platform navigation
Expo SDK
Next.js
Expo Router
And‚Ä¶
We use modern work tools. Linear for issue tracking, Github and Azure DevOps as source control, Sentry and Firebase for error reporting, Mixpanel/Metabase for analytics, Slack for internal communication, Figma for design, and Notion as a knowledge base. Your choice of Mac or Windows hardware.

Other very important benefits and things to take note of üòÉ
Flexibility! We‚Äôre all wired differently and our needs are not all the same
As much responsibility as you want and help from an experienced team who loves working together üí™üèΩ
Hands on experience designing for an app that reaches thousands of wonderful users around the world and has a major impact on people‚Äôs wellbeing üß°
Diversity, equality and inclusion are important to us. Meanwhile, you must have the right to work within the EU, sadly we will not be able to support applicants in gaining a work permit.

How to apply
Simply follow the one-click application process and share your Linkedin profile with us. We prefer to keep things uncomplicated for now and get to know the real you in the face2face part of the interview process. The deadline to apply is midnight on September 15th 2024. We are continuously reviewing applications, so do hit the apply button now if you don‚Äôt want to miss out on this opportunity!
We will get in touch with successful applicants for the next round, which will involve a task, followed by a short interview. If you have any questions about the job, you are welcome to contact us.
Your impact in this role won‚Äôt just be limited to building our product, but you will be able to have a direct effect on the wellbeing of millions across the globe.
All the best, Team Tiimo
For more information or questions please contact us at andreas@tiimo.dk or phone number +4523989268",https://thehub.io/jobs/66cc765a0dd4f371fb6944d6
SEO & Social Media Freelancer for a Leading Tour Agency,Amitylux,Remote,Freelance,"About Us
Amitylux is a multi-award-winning sightseeing tour agency, specializing in private experiences across the Nordics (Copenhagen, Stockholm, Oslo, Helsinki) and the UK (London and Edinburgh). We are passionate about creating memorable travel experiences and are now seeking a talented SEO and Social Media freelancer to join our dynamic team.
Role Overview
We are looking for a skilled SEO strategist with a focus on technical SEO and content creation, combined with expertise in social media management. This is a flexible, remote freelance role that allows you to manage your own working hours while contributing to our rapid growth.
Key Responsibilities
Search Engine Optimization (SEO):
Develop and implement on-page and off-page SEO strategies
Conduct backlink and keyword analysis, competitive research, and content audits
Plan and execute tracking and performance analysis
Content Management:
Ensure high-quality travel-related content, including blogging and editing
Build internal and external links
Social Media Management:
Develop and execute content strategies across platforms (text, video, images)
Engage with followers and grow our social media presence
Audience Research:
Monitor trends and user interests to inform content strategy
Optimize content based on audience behavior
What We're Looking For
Technical SEO skills
Proven experience in SEO (on-page, off-page) and content marketing
Strong skills in keyword research, backlinking, and competitor analysis
Exceptional writing ability with excellent grammar and spelling in English (will be tested)
Expertise in social media management and content creation
Ability to work independently and meet deadlines
Comfortable asking questions and collaborating virtually
Fluent in English
What We Offer
Flexible working hours: Work when it suits you, as long as deadlines are met
Remote work: You can work from anywhere, with meetings held via Teams or in person if local
Growth opportunity: Be part of a growing company in an exciting industry
 Interested in Joining Our Team?
To apply, please submit your resume along with a personal video introduction. In the video, briefly introduce yourself and explain why you would be a great fit. You can record the video directly on the platform (note: pre-recorded files may be too large to upload, so please use the platform's recording feature). Please note, you must have technical SEO skills.
IMPORTANT! To be part of the hiring process, please apply through our hiring platform in The Hub.
Job link to apply- https://thehub.io/jobs/6542524fc11c1733afb9e079
For more information or questions please contact us at kristel@amitylux.com or phone number +45 93 60 36 65",https://thehub.io/jobs/6542524fc11c1733afb9e079
Frontend Developer,Tribe,Copenhagen,Part-timeStudent,"Er du en ildsj√¶l med lys i √∏jnene der vil med p√• en v√¶kst rejse og v√¶re med til at videreudvikle og skalere vores platform? S√• er du m√•ske den helt rigtige vi s√∏ger.
Tribe s√∏ger en proaktiv, ambiti√∏s og erfaren Frontend udvikler som lige nu direkte kan aflaste vores CTO med frontend udviklingsopgaver.
Vi er i Tribe p√• udkig efter en der er klar til at give den gas og sulten efter at l√¶re en masse. Du vil indg√• i et voksende udviklingsteam, hvor din rolle vil v√¶re Frontend ift. vores hjemmeside og markedplads, mobile app og iPad app til suppliers, herunder interne management systemer mv.

Tribe // www.tribehappiness.com
Vi g√∏r det let for virksomheder at f√• alle sine behov leveret fra lokale leverand√∏rer fra √©n platform, at skabe glade og sunde medarbejdere, samt v√¶re med til at g√∏re verden til et bedre sted, da vi donere √©t m√•ltid til b√∏rn og familier for hver levering vi laver. Vores team best√•r af ildsj√¶le, serieiv√¶rks√¶ttere og investorer med 4x exit af tidligere succesfulde startups.

Er du sulten p√• at g√∏re en forskel, l√¶re en masse og udvikle dig personligt?
I din rolle vil du f√• en afg√∏rende ansvar i vores forretning og i vores mission p√• at hj√¶lpe virksomheder med at f√• glade og tilfredse medarbejdere. Du vil komme til at arbejde t√¶t sammen med vores top erfaren CTO og CEO, og sammen med resten af Tribe s√∏rger vi for, at din rygs√¶k fyldes med erfaring. Alt sammen s√• du kan blive en endnu vildere superstjerne inden for frontend udvikling, sprint og agile arbejdsmetoder, estimering, continues deployment mv., som du altid vil kunne anvende p√• kryds og tv√¶rs i din fremtidige karriere.

Stack og profil:
Nuxt.js

Br√¶nder for front-end udvikling
Opm√¶rksomhed p√• detaljer og kundebesat
Fremragende skriftlige og mundtlige kommunikationsevner
Gerne erfaring med Front-End til e-handel eller markedsplads eller logistik

Erfaring med at optimere for responsiv for andre enheder
Eventuelt ogs√• erfaring med Webflow, Design i Figma
Det er et plus hvis du ogs√• forst√•r og br√¶nder for grafisk design og UI/UX

Hvad vi tilbyder:
Professionel udvikling. Du kommer til at arbejde t√¶t sammen med passioneret ildsj√¶le og iv√¶rks√¶ttere der hj√¶lper dig med at accellere karriere og personlig udvikling.
Bred praktisk erfaring. Du kastes hands-on ud at taktiske og strategiske udviklingsopgaver i en voksende start-up, med guiding fra erfarne profiler, herunder organiseringen for skalering og det at v√¶kste og vokse en virksomhed.
F√¶llesskab. Du bliver en del af en ambiti√∏s og dynamisk arbejdsplads, der arbejder for at virksomheder nemt kan skabe glade medarbejdere og som samtidigt er med til at g√∏re verden til et bedre sted.
Netv√¶rk. En unik chance for at arbejde med og l√¶re af meget dygtige mennesker, ledere og investorer, der har bygget flere internationale virksomheder og rejst xxx millioner dollars i investerings kapital.

Praktisk information
L√∏n og vilk√•r: Attraktiv l√∏n med mulighed for bonus og andre fordele
Arbejdstid: Ca. 20-25 om ugen deltid med mulighed for fuldtid
Lokation: Kontor beliggende i indre KBH i g√• afstand fra N√∏rreport st.
Sprog: Dansktalende

Tribe's m√•l er at blive en Unicorn inden 2030 (en virksomhed p√• $1 milliard i v√¶rdians√¶ttelse), s√• dette er en mulighed for at arbejde med en ambiti√∏s hurtigt voksende virksomhed, med meget hands-on, stejl l√¶ringskurve og eksekvering. Vi g√•r op i at du har ild i √∏jnene, har drive, vil l√¶re og vil v√¶re med til at skabe resultater og l√¶re fra dig.
Synes du det lyder som en mulighed for dig og har du ild i √∏jnene, s√• gl√¶der vi os til at modtage din ans√∏gning.

Er du klar? Vi gl√¶der os til at h√∏re fra dig.
For more information or questions please contact us at hr@tribehappiness.com",https://thehub.io/jobs/66cc659d0dd4f371fb63f279
